train_size,order_strategy,column_order,dag_used,repetition,categorical,max_corr_difference,mean_corr_difference,propensity_metrics_avg pMSE,propensity_metrics_pMSE err,propensity_metrics_avg acc,propensity_metrics_acc err,k_marginal_tvd
20,original,"[0, 1, 2, 3]","[0, 1, 2, 3]",0,False,1.942890293094024e-14,3.293661639721298e-15,0.0011866701176110616,5.470828797196624e-05,0.5275958244888657,0.0022710043794282025,0.157
20,topological,"[0, 3, 2, 1]","[0, 3, 2, 1]",0,False,1.942890293094024e-14,9.71445146547012e-15,0.0012681572588500109,7.042029463052085e-05,0.5314933495778886,0.0025691949714716352,0.1625
20,worst,"[1, 2, 3, 0]","[1, 2, 3, 0]",0,False,1.942890293094024e-14,9.251858538542972e-17,0.003573039621347867,0.0002444942973037517,0.5483619648520021,0.007392765375837273,0.1865
20,random,"[3, 2, 1, 0]","[3, 2, 1, 0]",0,False,1.9539925233402755e-14,6.494804694057166e-15,0.001515104584859555,0.00016670484742126637,0.5382838571958021,0.007995698154362902,0.14908333333333332
20,original,"[0, 1, 2, 3]","[0, 1, 2, 3]",1,False,1.9539925233402755e-14,3.3121653567983835e-15,0.004087228672677677,0.0001325809375461292,0.5565356368004908,0.005335852505011701,0.15825000000000003
20,topological,"[0, 3, 2, 1]","[0, 3, 2, 1]",1,False,1.9539925233402755e-14,9.71445146547012e-15,0.003063547652868122,8.57430569482835e-05,0.5491092424715209,0.004936964516402753,0.1745
20,worst,"[1, 2, 3, 0]","[1, 2, 3, 0]",1,False,1.9539925233402755e-14,7.401486830834377e-17,0.0036960044968157614,0.00028514664860072007,0.5496157762196952,0.009471432311522681,0.18958333333333335
20,random,"[3, 2, 1, 0]","[3, 2, 1, 0]",1,False,1.9539925233402755e-14,6.5133084111342514e-15,0.004902537458044566,0.00021609238486139498,0.5405522607493725,0.003813488910560195,0.19358333333333333
20,original,"[0, 1, 2, 3]","[0, 1, 2, 3]",2,False,1.9539925233402755e-14,3.3121653567983835e-15,0.00958332901665653,0.00036886623553533817,0.5814824339288103,0.006830941597810585,0.20458333333333334
20,topological,"[0, 3, 2, 1]","[0, 3, 2, 1]",2,False,1.9539925233402755e-14,9.769962616701378e-15,0.007542537028509512,0.0003742311101160391,0.5749505225788702,0.0055442737649057635,0.22233333333333336
20,worst,"[1, 2, 3, 0]","[1, 2, 3, 0]",2,False,1.9539925233402755e-14,5.551115123125783e-17,0.0071727391305414275,0.00022754131153449015,0.5613340822064699,0.004871957254241679,0.20575
20,random,"[3, 2, 1, 0]","[3, 2, 1, 0]",2,False,1.9539925233402755e-14,6.47630097698008e-15,0.00593034791658255,0.0002603076123451564,0.5599771127104555,0.005762314910974662,0.18908333333333335
20,original,"[0, 1, 2, 3]","[0, 1, 2, 3]",3,False,1.942890293094024e-14,3.2751579226442118e-15,0.007639194629816245,0.000340312332692501,0.5766476964927607,0.007077629358404883,0.2015833333333333
20,topological,"[0, 3, 2, 1]","[0, 3, 2, 1]",3,False,1.9539925233402755e-14,9.751458899624291e-15,0.008347542110036518,0.00042537434333148673,0.5819132108722032,0.007865316954981839,0.22899999999999998
20,worst,"[1, 2, 3, 0]","[1, 2, 3, 0]",3,False,1.9539925233402755e-14,9.251858538542972e-17,0.0059327041935788565,0.0002796342009610137,0.5685725471491059,0.005706458284072754,0.2354166666666666
20,random,"[3, 2, 1, 0]","[3, 2, 1, 0]",3,False,1.9539925233402755e-14,6.5133084111342514e-15,0.004213152509235794,0.00032348371941932593,0.5516872148527262,0.010398222703748454,0.22075
20,original,"[0, 1, 2, 3]","[0, 1, 2, 3]",4,False,1.9539925233402755e-14,3.3121653567983835e-15,0.001961464052398444,0.0002333006261372623,0.5352432923202104,0.0065864607360799025,0.11425000000000002
20,topological,"[0, 3, 2, 1]","[0, 3, 2, 1]",4,False,1.942890293094024e-14,9.732955182547206e-15,0.001550670231637429,0.0001379723003381261,0.5244410683413271,0.00744899700668649,0.11225
20,worst,"[1, 2, 3, 0]","[1, 2, 3, 0]",4,False,1.9539925233402755e-14,1.1102230246251565e-16,0.001985188221958108,0.0001358982441349134,0.537344839550974,0.006333732052090571,0.14508333333333334
20,random,"[3, 2, 1, 0]","[3, 2, 1, 0]",4,False,1.9539925233402755e-14,6.494804694057166e-15,0.003845336524011668,0.00034166404177400715,0.5401965999911251,0.005484158154567631,0.1485
20,original,"[0, 1, 2, 3]","[0, 1, 2, 3]",5,False,1.9539925233402755e-14,3.3491727909525557e-15,0.004117927306644442,0.0005769450065789733,0.53702829027428,0.005551587971599594,0.16716666666666669
20,topological,"[0, 3, 2, 1]","[0, 3, 2, 1]",5,False,1.9539925233402755e-14,9.751458899624291e-15,0.007382642217631881,0.000434084901120691,0.5660197959209551,0.0049874543287816864,0.14758333333333334
20,worst,"[1, 2, 3, 0]","[1, 2, 3, 0]",5,False,1.9539925233402755e-14,5.551115123125783e-17,0.0037098104781023945,0.00044681900617309285,0.5403647104561827,0.010266118244839471,0.18033333333333335
20,random,"[3, 2, 1, 0]","[3, 2, 1, 0]",5,False,1.9539925233402755e-14,6.47630097698008e-15,0.006389921956564994,0.00034845966164505766,0.5701534012334102,0.008240221126733208,0.18516666666666667
20,original,"[0, 1, 2, 3]","[0, 1, 2, 3]",6,False,1.9539925233402755e-14,3.293661639721298e-15,0.010885400802511169,0.0005346427710448203,0.5942147880845827,0.0031049484570778592,0.20433333333333334
20,topological,"[0, 3, 2, 1]","[0, 3, 2, 1]",6,False,1.9539925233402755e-14,9.732955182547206e-15,0.007793180355736158,0.0001710777064148347,0.5682543631961733,0.004376393635536948,0.20033333333333334
20,worst,"[1, 2, 3, 0]","[1, 2, 3, 0]",6,False,1.965094753586527e-14,3.3491727909525557e-15,0.009060869703418593,0.00045422866121826833,0.5819256643634573,0.004468247112336868,0.22108333333333338
20,random,"[3, 2, 1, 0]","[3, 2, 1, 0]",6,False,1.9539925233402755e-14,6.5133084111342514e-15,0.006835537091621045,8.766716764857865e-05,0.5664275222241508,0.006835418989632654,0.20733333333333334
20,original,"[0, 1, 2, 3]","[0, 1, 2, 3]",7,False,1.9539925233402755e-14,3.293661639721298e-15,0.029431675812017544,0.00046678819932439015,0.6494460861131556,0.006198272869694964,0.21016666666666664
20,topological,"[0, 3, 2, 1]","[0, 3, 2, 1]",7,False,1.9539925233402755e-14,9.71445146547012e-15,0.030268762619150336,0.0007340586173606359,0.6474865673724605,0.008313638313874763,0.21024999999999996
20,worst,"[1, 2, 3, 0]","[1, 2, 3, 0]",7,False,1.9539925233402755e-14,9.251858538542972e-17,0.025618063567918313,0.0005617273168105395,0.6465244397831912,0.007010820014840251,0.21433333333333335
20,random,"[3, 2, 1, 0]","[3, 2, 1, 0]",7,False,1.9539925233402755e-14,6.5133084111342514e-15,0.02938589494693993,0.0005287293963241036,0.6463479042021099,0.012368714810221573,0.21999999999999997
20,original,"[0, 1, 2, 3]","[0, 1, 2, 3]",8,False,1.9539925233402755e-14,3.3121653567983835e-15,0.008161926207530399,0.00020032289177568532,0.5857735976540679,0.004798523418601113,0.16641666666666668
20,topological,"[0, 3, 2, 1]","[0, 3, 2, 1]",8,False,1.9539925233402755e-14,9.732955182547206e-15,0.008411345551897386,0.0001673986630464115,0.5810922712502133,0.0031790658367884628,0.17175000000000004
20,worst,"[1, 2, 3, 0]","[1, 2, 3, 0]",8,False,1.9539925233402755e-14,1.1102230246251565e-16,0.010207270321838567,0.0004618070230557421,0.5904113371732717,0.0038276700078434976,0.16474999999999998
20,random,"[3, 2, 1, 0]","[3, 2, 1, 0]",8,False,1.9539925233402755e-14,6.47630097698008e-15,0.01247448502455777,0.0002692225683696268,0.6026736996530124,0.004292336552391244,0.19525000000000003
20,original,"[0, 1, 2, 3]","[0, 1, 2, 3]",9,False,1.942890293094024e-14,3.3676765080296414e-15,0.0012833214864258692,0.00018999761944452816,0.5339501775660038,0.00959291661303236,0.12200000000000001
20,topological,"[0, 3, 2, 1]","[0, 3, 2, 1]",9,False,1.9539925233402755e-14,9.71445146547012e-15,0.0013524805707882085,7.863191186257029e-05,0.5211369171214176,0.003866103689868413,0.09100000000000001
20,worst,"[1, 2, 3, 0]","[1, 2, 3, 0]",9,False,2.220446049250313e-16,3.700743415417188e-17,0.0003904634431507037,6.203116171948092e-05,0.5108889854474882,0.007767513828548824,0.14991666666666667
20,random,"[3, 2, 1, 0]","[3, 2, 1, 0]",9,False,1.9539925233402755e-14,6.5133084111342514e-15,0.0015379817614550645,0.00015958598998741118,0.5268425144078268,0.005272028050398814,0.11133333333333335
50,original,"[0, 1, 2, 3]","[0, 1, 2, 3]",0,False,1.9539925233402755e-14,3.3306690738754696e-15,0.002605427340802794,0.00026433615918131364,0.5282168028536048,0.01059555270754283,0.20174999999999998
50,topological,"[0, 3, 2, 1]","[0, 3, 2, 1]",0,False,1.9539925233402755e-14,9.71445146547012e-15,0.0030738210259780253,0.0003340540361837983,0.5431239365893266,0.00926571443428291,0.20675
50,worst,"[1, 2, 3, 0]","[1, 2, 3, 0]",0,False,2.220446049250313e-16,9.251858538542972e-17,0.0038391779755090677,0.00014981883104442603,0.5461892928855425,0.008010249651185781,0.20408333333333337
50,random,"[3, 2, 1, 0]","[3, 2, 1, 0]",0,False,1.9539925233402755e-14,6.5133084111342514e-15,0.004020502798539561,0.0002801022457448944,0.5578366532871962,0.010315894993607229,0.20183333333333334
50,original,"[0, 1, 2, 3]","[0, 1, 2, 3]",1,False,1.9539925233402755e-14,3.293661639721298e-15,0.0054483014067615975,0.00036657675413293554,0.5737073928614517,0.010601279126983785,0.14083333333333334
50,topological,"[0, 3, 2, 1]","[0, 3, 2, 1]",1,False,1.9539925233402755e-14,9.732955182547206e-15,0.0034561024145595407,0.00020702575289746058,0.555345985380393,0.007591167332959964,0.11858333333333336
50,worst,"[1, 2, 3, 0]","[1, 2, 3, 0]",1,False,1.9539925233402755e-14,7.401486830834377e-17,0.0055702510651577265,0.0003749261420038703,0.5676613578673767,0.007221094625352052,0.12725
50,random,"[3, 2, 1, 0]","[3, 2, 1, 0]",1,False,1.9539925233402755e-14,6.5133084111342514e-15,0.003644743744718993,0.00022845978145793664,0.5490646924897155,0.004049019019889729,0.12466666666666666
50,original,"[0, 1, 2, 3]","[0, 1, 2, 3]",2,False,1.9539925233402755e-14,3.3121653567983835e-15,0.003981800564067645,0.00029953066374565924,0.5622430230713261,0.00489128242628587,0.14141666666666666
50,topological,"[0, 3, 2, 1]","[0, 3, 2, 1]",2,False,1.9539925233402755e-14,9.732955182547206e-15,0.00621267401872173,0.00014757454428066812,0.5691838188162365,0.0025190994460502878,0.15758333333333335
50,worst,"[1, 2, 3, 0]","[1, 2, 3, 0]",2,False,1.9539925233402755e-14,7.401486830834377e-17,0.004777985331650062,0.00038923072676115805,0.5673704569910418,0.010821985414145167,0.14983333333333335
50,random,"[3, 2, 1, 0]","[3, 2, 1, 0]",2,False,1.942890293094024e-14,6.5133084111342514e-15,0.006071556333761658,0.00031986711105524117,0.5678091204366322,0.0028132794543342865,0.15791666666666668
50,original,"[0, 1, 2, 3]","[0, 1, 2, 3]",3,False,1.965094753586527e-14,9.843977485009722e-15,0.002671518596596646,0.00011306125935539746,0.5420426950681385,0.007536329943832606,0.12066666666666666
50,topological,"[0, 3, 2, 1]","[0, 3, 2, 1]",3,False,1.9539925233402755e-14,9.751458899624291e-15,0.0030528582871984775,0.000123024010359403,0.5514466927357262,0.010487904694043376,0.12741666666666668
50,worst,"[1, 2, 3, 0]","[1, 2, 3, 0]",3,False,2.220446049250313e-16,3.700743415417188e-17,0.0028050539606188827,0.0002786396970651309,0.5514751469893825,0.005727898804150203,0.13158333333333336
50,random,"[3, 2, 1, 0]","[3, 2, 1, 0]",3,False,1.9539925233402755e-14,6.494804694057166e-15,0.0034078428736947384,0.00018547197742822987,0.5488391748646485,0.007217581498280205,0.13308333333333333
50,original,"[0, 1, 2, 3]","[0, 1, 2, 3]",4,False,2.220446049250313e-16,1.850371707708594e-17,0.00294121761894066,0.00021148505238804258,0.5381460651555555,0.0036167096033042517,0.09216666666666667
50,topological,"[0, 3, 2, 1]","[0, 3, 2, 1]",4,False,1.9539925233402755e-14,9.71445146547012e-15,0.004126854408205716,0.0002468051465312066,0.5429465870820465,0.010397177049736299,0.08600000000000001
50,worst,"[1, 2, 3, 0]","[1, 2, 3, 0]",4,False,1.9539925233402755e-14,7.401486830834377e-17,0.003773476975519766,0.00015389093092760793,0.5490357843946618,0.0020240654834271002,0.10024999999999999
50,random,"[3, 2, 1, 0]","[3, 2, 1, 0]",4,False,1.9539925233402755e-14,6.494804694057166e-15,0.004276560663628963,0.00016479762718189396,0.5438410216190318,0.0052122641348671325,0.10166666666666668
50,original,"[0, 1, 2, 3]","[0, 1, 2, 3]",5,False,1.942890293094024e-14,3.3306690738754696e-15,0.00011036824465828243,3.255639139679846e-05,0.4880527537817837,0.001999227850107248,0.09475
50,topological,"[0, 3, 2, 1]","[0, 3, 2, 1]",5,False,1.9539925233402755e-14,9.751458899624291e-15,0.0003010439286794789,7.83771625409974e-05,0.5067575840202079,0.009165564435329475,0.09566666666666668
50,worst,"[1, 2, 3, 0]","[1, 2, 3, 0]",5,False,1.942890293094024e-14,1.1102230246251565e-16,0.00017243877045416416,5.23150500307751e-05,0.4985550228591421,0.00931703511301199,0.08533333333333336
50,random,"[3, 2, 1, 0]","[3, 2, 1, 0]",5,False,1.9539925233402755e-14,6.457797259902994e-15,0.0004879462905016328,6.43660200929937e-05,0.5041482851533697,0.008769474344707866,0.08316666666666667
50,original,"[0, 1, 2, 3]","[0, 1, 2, 3]",6,False,1.965094753586527e-14,9.825473767932635e-15,0.006169057183624342,0.00019362595107768872,0.5619498814855733,0.007582338480589762,0.14933333333333335
50,topological,"[0, 3, 2, 1]","[0, 3, 2, 1]",6,False,1.942890293094024e-14,9.695947748393033e-15,0.007038710856993586,0.00031463113361232325,0.5732116956239199,0.00472108604698492,0.13416666666666666
50,worst,"[1, 2, 3, 0]","[1, 2, 3, 0]",6,False,1.942890293094024e-14,7.401486830834377e-17,0.005594835920309181,0.0005712819966394829,0.5669627317517317,0.007516728547662704,0.15183333333333335
50,random,"[3, 2, 1, 0]","[3, 2, 1, 0]",6,False,1.9539925233402755e-14,6.5133084111342514e-15,0.005822493468136355,0.0004969278433839384,0.5741557161732898,0.007227184406319177,0.13825
50,original,"[0, 1, 2, 3]","[0, 1, 2, 3]",7,False,1.942890293094024e-14,3.3121653567983835e-15,0.008324256323252482,0.0003325029351322881,0.573738720282742,0.005509484928461763,0.16325
50,topological,"[0, 3, 2, 1]","[0, 3, 2, 1]",7,False,1.965094753586527e-14,1.622775987660437e-14,0.008252606179239383,0.0002246436367086136,0.5697841727296402,0.00704360329043947,0.14958333333333337
50,worst,"[1, 2, 3, 0]","[1, 2, 3, 0]",7,False,1.9539925233402755e-14,1.295260195396016e-16,0.007099013436395364,0.0003209283313875459,0.5713623210444064,0.005615805459188837,0.1615
50,random,"[3, 2, 1, 0]","[3, 2, 1, 0]",7,False,1.9539925233402755e-14,6.47630097698008e-15,0.008098216594976906,0.00021150128962751856,0.5660452639926348,0.0036616050946247035,0.153
50,original,"[0, 1, 2, 3]","[0, 1, 2, 3]",8,False,1.942890293094024e-14,3.3121653567983835e-15,0.004255663035057182,0.00020496565331736143,0.552181292455211,0.004660789130263659,0.12941666666666668
50,topological,"[0, 3, 2, 1]","[0, 3, 2, 1]",8,False,1.942890293094024e-14,9.677444031315948e-15,0.004927780501951831,0.0002320236481400587,0.5599667754342788,0.0042599892993799736,0.12375000000000003
50,worst,"[1, 2, 3, 0]","[1, 2, 3, 0]",8,False,1.942890293094024e-14,7.401486830834377e-17,0.003514279613384453,0.0002070263220583199,0.547017782623729,0.005656380596050208,0.12641666666666665
50,random,"[3, 2, 1, 0]","[3, 2, 1, 0]",8,False,1.9539925233402755e-14,6.531812128211338e-15,0.004362863847704558,0.00019027083532361522,0.5584617552575087,0.005123096689155746,0.12450000000000001
50,original,"[0, 1, 2, 3]","[0, 1, 2, 3]",9,False,1.9539925233402755e-14,3.3121653567983835e-15,0.0014688341310604524,0.00017159579451279437,0.5372561212366991,0.0035904998583530033,0.10691666666666667
50,topological,"[0, 3, 2, 1]","[0, 3, 2, 1]",9,False,1.9539925233402755e-14,9.732955182547206e-15,0.003737460885925646,0.0002733875519253839,0.5265850548310139,0.008380531825539985,0.10016666666666667
50,worst,"[1, 2, 3, 0]","[1, 2, 3, 0]",9,False,1.9539925233402755e-14,7.401486830834377e-17,0.0013386373423736081,9.286971848065334e-05,0.5264164872000208,0.002225508512505601,0.11008333333333335
50,random,"[3, 2, 1, 0]","[3, 2, 1, 0]",9,False,1.965094753586527e-14,9.769962616701378e-15,0.0022798011804390644,0.00018840223852949694,0.5323915471651038,0.0074960902111023105,0.11516666666666668
100,original,"[0, 1, 2, 3]","[0, 1, 2, 3]",0,False,1.942890293094024e-14,3.3121653567983835e-15,0.0011879947139863838,0.00019185205617222085,0.5293545398872471,0.010039706105370387,0.17166666666666666
100,topological,"[0, 3, 2, 1]","[0, 3, 2, 1]",0,False,1.9539925233402755e-14,9.751458899624291e-15,0.0009687579864230067,0.0001806113991405001,0.5205444332228606,0.00927777597350153,0.169
100,worst,"[1, 2, 3, 0]","[1, 2, 3, 0]",0,False,1.9539925233402755e-14,9.251858538542972e-17,0.00115675017447033,0.00012422020576982162,0.5342091367816835,0.005148652035212812,0.17241666666666666
100,random,"[3, 2, 1, 0]","[3, 2, 1, 0]",0,False,1.9539925233402755e-14,6.494804694057166e-15,0.0011139315827493443,6.739756114360583e-05,0.5268380294058319,0.008180107201354203,0.17433333333333334
100,original,"[0, 1, 2, 3]","[0, 1, 2, 3]",1,False,1.9539925233402755e-14,3.293661639721298e-15,0.001760658933879557,0.00014461702864942345,0.5295696269453025,0.010070672594174794,0.08925000000000001
100,topological,"[0, 3, 2, 1]","[0, 3, 2, 1]",1,False,1.9539925233402755e-14,9.71445146547012e-15,0.0024797932874080367,0.00016938744246457264,0.5397178838759171,0.010244134394289648,0.08666666666666667
100,worst,"[1, 2, 3, 0]","[1, 2, 3, 0]",1,False,1.9539925233402755e-14,7.401486830834377e-17,0.0010598905850937913,8.206013940491926e-05,0.5171523842742325,0.007838990649816063,0.08108333333333334
100,random,"[3, 2, 1, 0]","[3, 2, 1, 0]",1,False,1.9539925233402755e-14,6.47630097698008e-15,0.0018072958708388706,5.356385949549427e-05,0.5291613111899558,0.005053157149702954,0.08775000000000004
100,original,"[0, 1, 2, 3]","[0, 1, 2, 3]",2,False,1.9539925233402755e-14,3.293661639721298e-15,0.0028171675365806725,0.00015946832547962417,0.5403951209433503,0.007405600182277769,0.13133333333333336
100,topological,"[0, 3, 2, 1]","[0, 3, 2, 1]",2,False,1.9539925233402755e-14,9.732955182547206e-15,0.0011806218614311467,0.00012041917311824293,0.5279287608209742,0.00758298674955886,0.10658333333333332
100,worst,"[1, 2, 3, 0]","[1, 2, 3, 0]",2,False,1.9539925233402755e-14,5.551115123125783e-17,0.001008240131851591,6.296355582178323e-05,0.5213060719911896,0.003994310450709807,0.10383333333333333
100,random,"[3, 2, 1, 0]","[3, 2, 1, 0]",2,False,1.9539925233402755e-14,6.5133084111342514e-15,0.002712626997433476,0.00017070478060530447,0.5359166937561399,0.0050953288732641395,0.13075
100,original,"[0, 1, 2, 3]","[0, 1, 2, 3]",3,False,1.9539925233402755e-14,3.3121653567983835e-15,0.0028754354059884616,0.00030154448831971723,0.5370854252494228,0.007987812128600651,0.109
100,topological,"[0, 3, 2, 1]","[0, 3, 2, 1]",3,False,1.9539925233402755e-14,9.732955182547206e-15,0.002576888533205987,0.000287468727284246,0.5428454279833442,0.00855240322282136,0.11325000000000002
100,worst,"[1, 2, 3, 0]","[1, 2, 3, 0]",3,False,1.9539925233402755e-14,7.401486830834377e-17,0.0029941740054168563,0.00014876995190561348,0.528751278824659,0.005388803746192402,0.10983333333333334
100,random,"[3, 2, 1, 0]","[3, 2, 1, 0]",3,False,1.9539925233402755e-14,6.494804694057166e-15,0.003138580956244326,0.00022381507219894746,0.5369138964166409,0.002245284409272526,0.11691666666666667
100,original,"[0, 1, 2, 3]","[0, 1, 2, 3]",4,False,1.9539925233402755e-14,3.293661639721298e-15,0.0029536133022123124,0.00029068546579729657,0.538814356010382,0.009701551508354283,0.07916666666666668
100,topological,"[0, 3, 2, 1]","[0, 3, 2, 1]",4,False,1.9539925233402755e-14,9.732955182547206e-15,0.0028994270777818604,0.00030258890692636995,0.5384900442304872,0.010157953125324462,0.07508333333333334
100,worst,"[1, 2, 3, 0]","[1, 2, 3, 0]",4,False,1.9539925233402755e-14,7.401486830834377e-17,0.003491370961006628,0.0002295008758679703,0.5441382466030641,0.00610502734587146,0.085
100,random,"[3, 2, 1, 0]","[3, 2, 1, 0]",4,False,1.9539925233402755e-14,6.5133084111342514e-15,0.003965757496480417,0.00015471558547915348,0.5490173530341136,0.004356108151039534,0.08875000000000001
100,original,"[0, 1, 2, 3]","[0, 1, 2, 3]",5,False,1.9539925233402755e-14,3.3306690738754696e-15,0.0014106114961525804,0.00013082222070246051,0.524968349890625,0.011686332308518505,0.09958333333333332
100,topological,"[0, 3, 2, 1]","[0, 3, 2, 1]",5,False,1.9539925233402755e-14,9.71445146547012e-15,0.0005522505408273655,0.00014986126775812147,0.5170849397208789,0.011140080676042946,0.09691666666666665
100,worst,"[1, 2, 3, 0]","[1, 2, 3, 0]",5,False,1.9539925233402755e-14,7.401486830834377e-17,0.0011598461383059624,0.000159218177819565,0.5200206421723351,0.009541080080535783,0.09475
100,random,"[3, 2, 1, 0]","[3, 2, 1, 0]",5,False,1.965094753586527e-14,1.622775987660437e-14,0.0008671504102442674,0.00012247922093732615,0.520017909967639,0.0084466850342554,0.09733333333333334
100,original,"[0, 1, 2, 3]","[0, 1, 2, 3]",6,False,1.9539925233402755e-14,3.293661639721298e-15,0.0038470557290513118,0.000234240677044906,0.544623587186093,0.006505762969495091,0.09599999999999999
100,topological,"[0, 3, 2, 1]","[0, 3, 2, 1]",6,False,1.9539925233402755e-14,9.71445146547012e-15,0.004497062601985712,0.00022996484038728207,0.5523987073870957,0.007514390407018845,0.09825
100,worst,"[1, 2, 3, 0]","[1, 2, 3, 0]",6,False,1.9539925233402755e-14,1.295260195396016e-16,0.0037983803798390435,0.0003208650166896663,0.5443022381679418,0.005996380408201998,0.10266666666666667
100,random,"[3, 2, 1, 0]","[3, 2, 1, 0]",6,False,1.9539925233402755e-14,6.5133084111342514e-15,0.004035556727175135,0.00017956706605140726,0.547860135309308,0.00917645394050321,0.1075
100,original,"[0, 1, 2, 3]","[0, 1, 2, 3]",7,False,1.9539925233402755e-14,3.293661639721298e-15,0.0015675592698504454,0.00021657599778147037,0.52638297382963,0.009547718203223044,0.09325000000000001
100,topological,"[0, 3, 2, 1]","[0, 3, 2, 1]",7,False,1.9539925233402755e-14,9.732955182547206e-15,0.0022994625450705438,0.00021245034047350314,0.5399598116566218,0.010006913787860446,0.09541666666666669
100,worst,"[1, 2, 3, 0]","[1, 2, 3, 0]",7,False,1.9539925233402755e-14,9.251858538542972e-17,0.0023713439098131317,0.0002709980953321522,0.525952816262366,0.00564902157969102,0.09475
100,random,"[3, 2, 1, 0]","[3, 2, 1, 0]",7,False,1.9539925233402755e-14,6.457797259902994e-15,0.002681161480520343,0.00024366677675757817,0.5321953874657204,0.005889509539179834,0.09391666666666669
100,original,"[0, 1, 2, 3]","[0, 1, 2, 3]",8,False,1.965094753586527e-14,9.843977485009722e-15,0.0007900595406673322,0.00018894659977252118,0.5183916134445897,0.00801330534651569,0.08175
100,topological,"[0, 3, 2, 1]","[0, 3, 2, 1]",8,False,1.9539925233402755e-14,9.732955182547206e-15,0.00277047869636938,0.00021880481791107103,0.5353926971287193,0.009893663295699535,0.0815
100,worst,"[1, 2, 3, 0]","[1, 2, 3, 0]",8,False,1.965094753586527e-14,6.6058269965196814e-15,0.0008675021003645408,0.00011501672371776322,0.5236079858027678,0.011543692523242534,0.09200000000000001
100,random,"[3, 2, 1, 0]","[3, 2, 1, 0]",8,False,1.9539925233402755e-14,6.5503158452884236e-15,0.002365839657554742,0.00012840707139984896,0.540392883024106,0.008732484259795874,0.09783333333333334
100,original,"[0, 1, 2, 3]","[0, 1, 2, 3]",9,False,1.9539925233402755e-14,3.293661639721298e-15,0.001391886054278374,9.618182594979618e-05,0.5286826443086415,0.008219921430818395,0.09533333333333333
100,topological,"[0, 3, 2, 1]","[0, 3, 2, 1]",9,False,1.9539925233402755e-14,9.751458899624291e-15,0.001678197127111641,0.00016982847536671308,0.5251398128538819,0.006751755531764016,0.09733333333333333
100,worst,"[1, 2, 3, 0]","[1, 2, 3, 0]",9,False,1.965094753586527e-14,6.587323279442596e-15,0.0012864999193498085,0.00013587996898526593,0.5146710825218456,0.004603981843158668,0.09308333333333334
100,random,"[3, 2, 1, 0]","[3, 2, 1, 0]",9,False,1.9539925233402755e-14,6.494804694057166e-15,0.001491863835382665,5.186377432545522e-05,0.5221584102321464,0.005409337024901848,0.09391666666666669
200,original,"[0, 1, 2, 3]","[0, 1, 2, 3]",0,False,1.9539925233402755e-14,3.3491727909525557e-15,0.0005176226184833069,9.229947659090516e-05,0.505900191744527,0.003547161712871376,0.1285
200,topological,"[0, 3, 2, 1]","[0, 3, 2, 1]",0,False,1.9539925233402755e-14,9.751458899624291e-15,0.00038235410575617607,8.404307294851749e-05,0.5029502772504311,0.005847850938719937,0.12175000000000002
200,worst,"[1, 2, 3, 0]","[1, 2, 3, 0]",0,False,1.9539925233402755e-14,5.551115123125783e-17,0.0004972075177540851,0.00010576584416054808,0.5105688555907506,0.01081888957465717,0.1215
200,random,"[3, 2, 1, 0]","[3, 2, 1, 0]",0,False,1.9539925233402755e-14,6.5133084111342514e-15,0.0002574779694693889,5.646303164109382e-05,0.5058745772662483,0.009677751830163018,0.12383333333333335
200,original,"[0, 1, 2, 3]","[0, 1, 2, 3]",1,False,1.9539925233402755e-14,3.293661639721298e-15,0.002089962819429864,0.00013896930669411896,0.5368639877460835,0.00809561861527366,0.09100000000000001
200,topological,"[0, 3, 2, 1]","[0, 3, 2, 1]",1,False,1.9539925233402755e-14,9.732955182547206e-15,0.0018498018756889806,8.38671915676338e-05,0.5317694484319941,0.006047103320823833,0.09741666666666669
200,worst,"[1, 2, 3, 0]","[1, 2, 3, 0]",1,False,1.9539925233402755e-14,5.551115123125783e-17,0.0019059395114827435,0.0002404549322786533,0.5305803784022829,0.008265683810366539,0.09250000000000001
200,random,"[3, 2, 1, 0]","[3, 2, 1, 0]",1,False,1.9539925233402755e-14,6.457797259902994e-15,0.0018419686677234024,0.00020969841724608062,0.5295746418672225,0.008561011519218016,0.08933333333333333
200,original,"[0, 1, 2, 3]","[0, 1, 2, 3]",2,False,1.9539925233402755e-14,3.293661639721298e-15,0.0006375353373023923,9.028661646212689e-05,0.5188261119548889,0.005024011563738681,0.07833333333333334
200,topological,"[0, 3, 2, 1]","[0, 3, 2, 1]",2,False,1.9539925233402755e-14,9.732955182547206e-15,0.0011201488355407755,0.00017632737653906088,0.5208261715014919,0.008202297624934107,0.077
200,worst,"[1, 2, 3, 0]","[1, 2, 3, 0]",2,False,1.965094753586527e-14,3.3491727909525557e-15,0.0005511742844991617,6.749516338578593e-05,0.5116638533948957,0.007473414473523148,0.08225000000000002
200,random,"[3, 2, 1, 0]","[3, 2, 1, 0]",2,False,1.9539925233402755e-14,6.5133084111342514e-15,0.0005827906733272229,0.00011020214834389632,0.518891598953122,0.006791314464046722,0.08133333333333333
200,original,"[0, 1, 2, 3]","[0, 1, 2, 3]",3,False,1.9539925233402755e-14,3.293661639721298e-15,0.0003460136345196342,4.7572456319358145e-05,0.5033263084668531,0.006482387256033184,0.06616666666666667
200,topological,"[0, 3, 2, 1]","[0, 3, 2, 1]",3,False,1.9539925233402755e-14,9.732955182547206e-15,0.00015952807859737138,4.104394387551748e-05,0.4865782028668525,0.007685618806875594,0.07516666666666667
200,worst,"[1, 2, 3, 0]","[1, 2, 3, 0]",3,False,1.9539925233402755e-14,7.401486830834377e-17,0.00020128351889011462,1.9091434920480033e-05,0.4959086627772303,0.004295711438967988,0.07558333333333334
200,random,"[3, 2, 1, 0]","[3, 2, 1, 0]",3,False,1.9539925233402755e-14,6.47630097698008e-15,9.139268708143638e-05,2.3291609282799365e-05,0.47903136155577714,0.0027494432004270476,0.07775
200,original,"[0, 1, 2, 3]","[0, 1, 2, 3]",4,False,1.9539925233402755e-14,3.293661639721298e-15,0.0010859064513210677,0.00011473251001585675,0.5219422416757503,0.004998473351104275,0.07575
200,topological,"[0, 3, 2, 1]","[0, 3, 2, 1]",4,False,1.9539925233402755e-14,9.71445146547012e-15,0.0013852648891009528,4.9486627956905896e-05,0.5231637513907481,0.005586396368031627,0.07425
200,worst,"[1, 2, 3, 0]","[1, 2, 3, 0]",4,False,1.9539925233402755e-14,7.401486830834377e-17,0.001334717247337513,9.752316107629368e-05,0.5207764625853746,0.005879606470256431,0.0785
200,random,"[3, 2, 1, 0]","[3, 2, 1, 0]",4,False,1.9539925233402755e-14,6.5133084111342514e-15,0.0009313757073065027,9.471076916710304e-05,0.5084339570402525,0.00985778820226208,0.09108333333333334
200,original,"[0, 1, 2, 3]","[0, 1, 2, 3]",5,False,1.9539925233402755e-14,3.3121653567983835e-15,0.0007621363073459455,0.00010178007981080355,0.5169369712729093,0.0029035617301036995,0.08241666666666667
200,topological,"[0, 3, 2, 1]","[0, 3, 2, 1]",5,False,1.9539925233402755e-14,9.695947748393033e-15,0.00021328730688383092,6.014149857555611e-05,0.4967801474515082,0.008847314024849782,0.08858333333333333
200,worst,"[1, 2, 3, 0]","[1, 2, 3, 0]",5,False,1.9539925233402755e-14,1.1102230246251565e-16,0.0009463751025825864,9.114436181960456e-05,0.5273935341316935,0.005268539483200242,0.07916666666666666
200,random,"[3, 2, 1, 0]","[3, 2, 1, 0]",5,False,1.9539925233402755e-14,6.494804694057166e-15,9.488731645020187e-05,2.627256140904534e-05,0.49625557727066905,0.00727529663492065,0.09633333333333334
200,original,"[0, 1, 2, 3]","[0, 1, 2, 3]",6,False,1.9539925233402755e-14,3.293661639721298e-15,0.001506359096260452,0.00014560377798063172,0.5318024265924036,0.008626923501761698,0.07691666666666667
200,topological,"[0, 3, 2, 1]","[0, 3, 2, 1]",6,False,1.9539925233402755e-14,9.71445146547012e-15,0.0013604747158911354,0.0001225632902051324,0.5306198946245334,0.010519630170497148,0.07991666666666666
200,worst,"[1, 2, 3, 0]","[1, 2, 3, 0]",6,False,1.9539925233402755e-14,5.551115123125783e-17,0.002073587855155341,0.00011948151579229495,0.5284250904068599,0.005863022635175318,0.08324999999999999
200,random,"[3, 2, 1, 0]","[3, 2, 1, 0]",6,False,1.9539925233402755e-14,6.494804694057166e-15,0.002381424372799573,0.00010071708614804922,0.528783170911412,0.011360460122244185,0.08266666666666668
200,original,"[0, 1, 2, 3]","[0, 1, 2, 3]",7,False,1.9539925233402755e-14,3.293661639721298e-15,0.001679770509018801,0.00011056392540497912,0.5371287483034142,0.008368706719530095,0.083
200,topological,"[0, 3, 2, 1]","[0, 3, 2, 1]",7,False,1.9539925233402755e-14,9.732955182547206e-15,0.0019551715782412746,0.00019337999771176358,0.5393850227571831,0.005348897841284676,0.08166666666666668
200,worst,"[1, 2, 3, 0]","[1, 2, 3, 0]",7,False,1.9539925233402755e-14,7.401486830834377e-17,0.0012170885796818852,9.02497384614538e-05,0.5250583174297266,0.005045178419173619,0.07908333333333334
200,random,"[3, 2, 1, 0]","[3, 2, 1, 0]",7,False,1.9539925233402755e-14,6.494804694057166e-15,0.0019803054296108386,0.00011647533516402767,0.527411442028604,0.004171971095624871,0.07700000000000001
200,original,"[0, 1, 2, 3]","[0, 1, 2, 3]",8,False,1.9539925233402755e-14,3.3306690738754696e-15,0.0004879073491415737,4.680357190125994e-05,0.506045338847837,0.004703902041529156,0.09008333333333333
200,topological,"[0, 3, 2, 1]","[0, 3, 2, 1]",8,False,1.965094753586527e-14,1.624626359368146e-14,0.0014204810545676322,0.00011783447337831883,0.5362140102032222,0.00935303946973,0.0845
200,worst,"[1, 2, 3, 0]","[1, 2, 3, 0]",8,False,1.9539925233402755e-14,1.1102230246251565e-16,0.001063480812503106,0.00015982816661065142,0.5225987553434364,0.010291286277669289,0.09783333333333334
200,random,"[3, 2, 1, 0]","[3, 2, 1, 0]",8,False,1.9539925233402755e-14,6.5133084111342514e-15,0.002008230870858436,0.00021232595737680744,0.5358423535148793,0.012197669287606622,0.09425
200,original,"[0, 1, 2, 3]","[0, 1, 2, 3]",9,False,1.9539925233402755e-14,3.293661639721298e-15,0.0016240057337408964,0.00012608041357246847,0.5221526818339501,0.004796578503061173,0.08791666666666668
200,topological,"[0, 3, 2, 1]","[0, 3, 2, 1]",9,False,1.9539925233402755e-14,9.732955182547206e-15,0.001895109425640741,0.0001638445794181161,0.5239165863590683,0.007777199190810634,0.08650000000000002
200,worst,"[1, 2, 3, 0]","[1, 2, 3, 0]",9,False,1.9539925233402755e-14,5.551115123125783e-17,0.0017610329067753749,0.00015430723112277376,0.5249409531699494,0.009012431625305226,0.09066666666666667
200,random,"[3, 2, 1, 0]","[3, 2, 1, 0]",9,False,1.9539925233402755e-14,6.494804694057166e-15,0.003285352793783712,0.00021764356649653173,0.5476703635276292,0.008214695847201265,0.08741666666666668
500,original,"[0, 1, 2, 3]","[0, 1, 2, 3]",0,False,1.965094753586527e-14,3.3491727909525557e-15,0.000597010109643471,4.4911552304460125e-05,0.5059487270759451,0.0050918369060354825,0.08841666666666666
500,topological,"[0, 3, 2, 1]","[0, 3, 2, 1]",0,False,1.965094753586527e-14,9.788466333778464e-15,0.0004926874744485396,9.373418964422287e-05,0.500942179411793,0.004052651809932133,0.09249999999999999
500,worst,"[1, 2, 3, 0]","[1, 2, 3, 0]",0,False,1.9539925233402755e-14,5.551115123125783e-17,0.0004900280905794905,9.942786056968335e-05,0.5130903317978683,0.013625086839669495,0.08925
500,random,"[3, 2, 1, 0]","[3, 2, 1, 0]",0,False,1.965094753586527e-14,1.624626359368146e-14,0.000199407713188765,3.28356948628155e-05,0.49129147234030485,0.005201576614743574,0.09199999999999998
500,original,"[0, 1, 2, 3]","[0, 1, 2, 3]",1,False,1.9539925233402755e-14,3.293661639721298e-15,9.6467330331516e-05,3.682748628967576e-05,0.4924875299681979,0.0031090622070133714,0.07591666666666667
500,topological,"[0, 3, 2, 1]","[0, 3, 2, 1]",1,False,1.9539925233402755e-14,9.732955182547206e-15,0.00010156097972705905,3.579593212704506e-05,0.48694507152792255,0.006055863917419667,0.07833333333333334
500,worst,"[1, 2, 3, 0]","[1, 2, 3, 0]",1,False,1.9539925233402755e-14,5.551115123125783e-17,0.00019564091563638628,4.328360926292789e-05,0.4814095648776927,0.00777307771289775,0.06816666666666667
500,random,"[3, 2, 1, 0]","[3, 2, 1, 0]",1,False,2.220446049250313e-16,1.850371707708594e-17,0.0003100251282001023,4.223799833611646e-05,0.4945766947951558,0.00918934449928992,0.07300000000000001
500,original,"[0, 1, 2, 3]","[0, 1, 2, 3]",2,False,1.9539925233402755e-14,3.3121653567983835e-15,0.0010325674027812873,9.740452360744545e-05,0.5237940456830803,0.005503761289979943,0.06449999999999999
500,topological,"[0, 3, 2, 1]","[0, 3, 2, 1]",2,False,1.9539925233402755e-14,9.751458899624291e-15,0.0006710156458557663,0.00010096912526860938,0.5181871338067691,0.007589938838407193,0.06483333333333334
500,worst,"[1, 2, 3, 0]","[1, 2, 3, 0]",2,False,1.9539925233402755e-14,7.401486830834377e-17,0.0006158679383987011,7.340380550026526e-05,0.513316548948224,0.0034775639144292727,0.0605
500,random,"[3, 2, 1, 0]","[3, 2, 1, 0]",2,False,1.965094753586527e-14,6.5503158452884236e-15,0.0005307568351069917,5.938155826469727e-05,0.5072778002070555,0.006708964533199296,0.06325
500,original,"[0, 1, 2, 3]","[0, 1, 2, 3]",3,False,1.9539925233402755e-14,3.293661639721298e-15,0.0014619188051715674,0.0001566157698542115,0.5170285132707079,0.008796138047014379,0.06775
500,topological,"[0, 3, 2, 1]","[0, 3, 2, 1]",3,False,1.9539925233402755e-14,9.71445146547012e-15,0.0007852681789737189,0.00017333295325885797,0.5182397678860772,0.013070669730807472,0.06791666666666667
500,worst,"[1, 2, 3, 0]","[1, 2, 3, 0]",3,False,1.9539925233402755e-14,5.551115123125783e-17,0.0013757443287159233,0.00012962401509978644,0.5250076446821411,0.0034851534206464525,0.07958333333333334
500,random,"[3, 2, 1, 0]","[3, 2, 1, 0]",3,False,1.9539925233402755e-14,6.494804694057166e-15,0.0003781418333392627,4.635452827980876e-05,0.5027995847051439,0.006795700480320308,0.07341666666666667
500,original,"[0, 1, 2, 3]","[0, 1, 2, 3]",4,False,1.9539925233402755e-14,3.293661639721298e-15,0.00036898635406818934,0.00010354635874841505,0.5059857093753752,0.008988506553769754,0.07225
500,topological,"[0, 3, 2, 1]","[0, 3, 2, 1]",4,False,1.9539925233402755e-14,9.732955182547206e-15,0.0004521715836422337,9.497169530733232e-05,0.5072692791885098,0.007271521085886129,0.07625
500,worst,"[1, 2, 3, 0]","[1, 2, 3, 0]",4,False,2.220446049250313e-16,0.0,0.00028996343153461123,6.881602271155352e-05,0.5103834703694898,0.007813762801546657,0.07866666666666665
500,random,"[3, 2, 1, 0]","[3, 2, 1, 0]",4,False,1.9539925233402755e-14,6.494804694057166e-15,0.000695558674243183,9.272980175131127e-05,0.5157169594738672,0.006053706689489945,0.08941666666666666
500,original,"[0, 1, 2, 3]","[0, 1, 2, 3]",5,False,1.9539925233402755e-14,3.3306690738754696e-15,0.0004968453893889247,0.0001333614068030309,0.5147634310245806,0.01190522331723351,0.09374999999999999
500,topological,"[0, 3, 2, 1]","[0, 3, 2, 1]",5,False,1.9539925233402755e-14,9.751458899624291e-15,0.0005047800450437002,6.717327842754544e-05,0.5022779554581507,0.005318796621584107,0.08691666666666668
500,worst,"[1, 2, 3, 0]","[1, 2, 3, 0]",5,False,1.9539925233402755e-14,9.251858538542972e-17,0.0006876189813420919,0.00012393531504619745,0.5141872887705665,0.009152227209210202,0.08483333333333333
500,random,"[3, 2, 1, 0]","[3, 2, 1, 0]",5,False,1.9539925233402755e-14,6.531812128211338e-15,0.00041662970588430377,6.1002551631171016e-05,0.5014423211695866,0.005929659925543901,0.08575
500,original,"[0, 1, 2, 3]","[0, 1, 2, 3]",6,False,1.965094753586527e-14,3.3491727909525557e-15,0.00037228765908839466,9.841698099579304e-05,0.5098379480959025,0.006338523161602804,0.07166666666666667
500,topological,"[0, 3, 2, 1]","[0, 3, 2, 1]",6,False,1.965094753586527e-14,9.788466333778464e-15,0.0005066527753848635,0.00010738221579140903,0.5134413350504266,0.00754628101908017,0.07141666666666667
500,worst,"[1, 2, 3, 0]","[1, 2, 3, 0]",6,False,1.9539925233402755e-14,5.551115123125783e-17,0.0004188342797521261,6.18635891627908e-05,0.5077393827058607,0.0050824841144316265,0.072
500,random,"[3, 2, 1, 0]","[3, 2, 1, 0]",6,False,1.9539925233402755e-14,6.494804694057166e-15,0.0003248829449692162,1.3406772970972067e-05,0.5055893559230175,0.0035105396114577603,0.078
500,original,"[0, 1, 2, 3]","[0, 1, 2, 3]",7,False,1.9539925233402755e-14,3.2751579226442118e-15,0.0008988186318179669,9.79036915148671e-05,0.5256839497987036,0.005900706608216139,0.07541666666666666
500,topological,"[0, 3, 2, 1]","[0, 3, 2, 1]",7,False,1.9539925233402755e-14,9.732955182547206e-15,0.000956659241253937,0.0001046090332231114,0.5258615616516952,0.005021243148798794,0.07408333333333332
500,worst,"[1, 2, 3, 0]","[1, 2, 3, 0]",7,False,1.9539925233402755e-14,5.551115123125783e-17,0.0005471781317179662,6.461611541270217e-05,0.5189130480471376,0.008569415343363196,0.06466666666666666
500,random,"[3, 2, 1, 0]","[3, 2, 1, 0]",7,False,1.9539925233402755e-14,6.5133084111342514e-15,0.0005051191329581422,6.596501970198764e-05,0.5147181502760054,0.008094659441970676,0.07616666666666666
500,original,"[0, 1, 2, 3]","[0, 1, 2, 3]",8,False,1.9539925233402755e-14,3.3121653567983835e-15,0.000185858457599575,5.8954010030696466e-05,0.49841921084679425,0.010111501787177388,0.065
500,topological,"[0, 3, 2, 1]","[0, 3, 2, 1]",8,False,1.9539925233402755e-14,9.695947748393033e-15,0.0005386442916442808,7.167075251921748e-05,0.5084543883280555,0.00894170372471999,0.08116666666666668
500,worst,"[1, 2, 3, 0]","[1, 2, 3, 0]",8,False,1.9539925233402755e-14,9.251858538542972e-17,0.00010566385708958182,1.8278235553134662e-05,0.5024401468729527,0.004973925916820566,0.08141666666666665
500,random,"[3, 2, 1, 0]","[3, 2, 1, 0]",8,False,2.220446049250313e-16,5.551115123125783e-17,0.0005262135611001888,6.299985454503643e-05,0.5096397259402442,0.010864194079405387,0.08441666666666665
500,original,"[0, 1, 2, 3]","[0, 1, 2, 3]",9,False,1.9539925233402755e-14,3.2751579226442118e-15,0.000870232097045834,0.00014450437811714453,0.5214258936146786,0.00834206748752505,0.07
500,topological,"[0, 3, 2, 1]","[0, 3, 2, 1]",9,False,1.9539925233402755e-14,9.732955182547206e-15,0.0004173560010457599,0.00012002751630442343,0.5053395633880875,0.011011789607846302,0.07116666666666667
500,worst,"[1, 2, 3, 0]","[1, 2, 3, 0]",9,False,1.9539925233402755e-14,9.251858538542972e-17,0.000911264433251122,8.090432088869959e-05,0.5293179316367235,0.005214839603098475,0.06674999999999999
500,random,"[3, 2, 1, 0]","[3, 2, 1, 0]",9,False,1.9539925233402755e-14,6.494804694057166e-15,0.0005684942725657614,6.685301780611762e-05,0.5149537199159961,0.005445294837320961,0.07491666666666667
